{
  "city_name": "Blackpool",
  "processing_info": {
    "success": true,
    "model_path": "./saved_models/coastline_general_model.pth",
    "image_shape": [
      400,
      400,
      3
    ],
    "processing_time": "2025-07-07 13:31:06"
  },
  "quality_metrics": {
    "coastline_pixels": 13387,
    "num_components": 184,
    "main_component_ratio": 0.13684918204227983,
    "fragmentation_score": 0.8631508179577202,
    "water_intrusion_ratio": 0.23724508851853496,
    "sea_cleanup_score": 0.52550982296293,
    "upper_ratio": 0.007768730858295362,
    "middle_ratio": 0.9870770150145664,
    "lower_ratio": 0.005154254127138268,
    "distribution_score": 1.4857697766489877,
    "density_score": 1.0,
    "continuity_score": 0.4504369911104426,
    "guidance_conformity": 0.47693800874957126,
    "edge_quality": 0.13378815428273122,
    "overall_score": 0.5310164764778051,
    "quality_level": "Fair"
  },
  "analysis_details": {
    "hsv_water_coverage": 0.14329375,
    "hsv_land_coverage": 0.33203125,
    "guidance_strength": 0.2351907541056112,
    "transition_strength": 0.14333252857779044
  }
}