{
  "city_name": "Liverpool",
  "processing_info": {
    "success": true,
    "model_path": "./saved_models/coastline_general_model.pth",
    "image_shape": [
      400,
      400,
      3
    ],
    "processing_time": "2025-07-07 13:32:31"
  },
  "quality_metrics": {
    "coastline_pixels": 13142,
    "num_components": 134,
    "main_component_ratio": 0.2666260843098463,
    "fragmentation_score": 0.7333739156901538,
    "water_intrusion_ratio": 0.32765180337823185,
    "sea_cleanup_score": 0.3446963932435363,
    "upper_ratio": 0.00943539796073657,
    "middle_ratio": 0.9783898949931518,
    "lower_ratio": 0.012174707046111703,
    "distribution_score": 1.4770202404504642,
    "density_score": 1.0,
    "continuity_score": 0.445442094049273,
    "guidance_conformity": 0.4543143152132004,
    "edge_quality": 0.12880505826786767,
    "overall_score": 0.47942211361713466,
    "quality_level": "Poor"
  },
  "analysis_details": {
    "hsv_water_coverage": 0.2324625,
    "hsv_land_coverage": 0.39778125,
    "guidance_strength": 0.24065878044550024,
    "transition_strength": 0.13443868232398368
  }
}