{
  "city_name": "Ortsmouth",
  "processing_info": {
    "success": true,
    "model_path": "./saved_models/coastline_general_model.pth",
    "image_shape": [
      400,
      400,
      3
    ],
    "processing_time": "2025-07-07 13:33:31"
  },
  "quality_metrics": {
    "coastline_pixels": 11401,
    "num_components": 142,
    "main_component_ratio": 0.32190158758003684,
    "fragmentation_score": 0.6780984124199632,
    "water_intrusion_ratio": 0.40321024471502215,
    "sea_cleanup_score": 0.1935795105699557,
    "upper_ratio": 0.011928778177352864,
    "middle_ratio": 0.986229278133497,
    "lower_ratio": 0.0018419436891500746,
    "distribution_score": 1.4811858608893957,
    "density_score": 1.0,
    "continuity_score": 0.4292605911758361,
    "guidance_conformity": 0.4966426863648098,
    "edge_quality": 0.13938144618275694,
    "overall_score": 0.4474556860697407,
    "quality_level": "Poor"
  },
  "analysis_details": {
    "hsv_water_coverage": 0.23490625,
    "hsv_land_coverage": 0.7141375,
    "guidance_strength": 0.2102392412474519,
    "transition_strength": 0.0949807382887853
  }
}