{
  "city_name": "Southport",
  "processing_info": {
    "success": true,
    "model_path": "./saved_models/coastline_general_model.pth",
    "image_shape": [
      400,
      400,
      3
    ],
    "processing_time": "2025-07-07 13:33:43"
  },
  "quality_metrics": {
    "coastline_pixels": 16320,
    "num_components": 201,
    "main_component_ratio": 0.13737745098039217,
    "fragmentation_score": 0.8626225490196078,
    "water_intrusion_ratio": 0.38082107843113916,
    "sea_cleanup_score": 0.23835784313772168,
    "upper_ratio": 0.008394607843137255,
    "middle_ratio": 0.9802083333333333,
    "lower_ratio": 0.011397058823529411,
    "distribution_score": 1.4787071078431373,
    "density_score": 1.0,
    "continuity_score": 0.4204656862742521,
    "guidance_conformity": 0.5570380514510084,
    "edge_quality": 0.1476744763194274,
    "overall_score": 0.46522389064378966,
    "quality_level": "Poor"
  },
  "analysis_details": {
    "hsv_water_coverage": 0.4820625,
    "hsv_land_coverage": 0.37545625,
    "guidance_strength": 0.357275107365061,
    "transition_strength": 0.16633326365058296
  }
}