{
  "uk_cities_processing_summary": {
    "timestamp": "2025-07-07T13:33:43.737452",
    "total_cities": 4,
    "successful_cities": 4,
    "failed_cities": 0,
    "success_rate": 1.0,
    "target_cities": [
      "Blackpool",
      "Liverpool",
      "Ortsmouth",
      "Southport"
    ]
  },
  "detailed_results": [
    {
      "city_name": "Blackpool",
      "file": "Blackpool.pdf",
      "success": true,
      "overall_score": 0.5310164764778051,
      "quality_level": "Fair",
      "coastline_pixels": 13387,
      "num_components": 184,
      "sea_cleanup_score": 0.52550982296293,
      "distribution_score": 1.4857697766489877
    },
    {
      "city_name": "Liverpool",
      "file": "Liverpool.pdf",
      "success": true,
      "overall_score": 0.47942211361713466,
      "quality_level": "Poor",
      "coastline_pixels": 13142,
      "num_components": 134,
      "sea_cleanup_score": 0.3446963932435363,
      "distribution_score": 1.4770202404504642
    },
    {
      "city_name": "Ortsmouth",
      "file": "Ortsmouth.pdf",
      "success": true,
      "overall_score": 0.4474556860697407,
      "quality_level": "Poor",
      "coastline_pixels": 11401,
      "num_components": 142,
      "sea_cleanup_score": 0.1935795105699557,
      "distribution_score": 1.4811858608893957
    },
    {
      "city_name": "Southport",
      "file": "Southport.pdf",
      "success": true,
      "overall_score": 0.46522389064378966,
      "quality_level": "Poor",
      "coastline_pixels": 16320,
      "num_components": 201,
      "sea_cleanup_score": 0.23835784313772168,
      "distribution_score": 1.4787071078431373
    }
  ],
  "statistics": {
    "overall_score": {
      "mean": 0.48077954170211756,
      "std": 0.031136995121232167,
      "min": 0.4474556860697407,
      "max": 0.5310164764778051
    },
    "coastline_pixels": {
      "mean": 13562.5,
      "std": 1766.6004783198719,
      "min": 11401,
      "max": 16320
    },
    "connectivity": {
      "mean_components": 165.25,
      "max_components": 201,
      "min_components": 134
    }
  },
  "quality_distribution": {
    "Fair": 1,
    "Poor": 3
  }
}