city_name,overall_score,quality_level,coastline_pixels,num_components,sea_cleanup_score,distribution_score,continuity_score,guidance_conformity,edge_quality
Blackpool,0.5310164764778051,Fair,13387,184,0.52550982296293,1.4857697766489877,N/A,N/A,N/A
Liverpool,0.47942211361713466,Poor,13142,134,0.3446963932435363,1.4770202404504642,N/A,N/A,N/A
Ortsmouth,0.4474556860697407,Poor,11401,142,0.1935795105699557,1.4811858608893957,N/A,N/A,N/A
Southport,0.46522389064378966,Poor,16320,201,0.23835784313772168,1.4787071078431373,N/A,N/A,N/A
